ID,ProductId,Description
"1","1","In miner 49er yearlings, stagecoachrs pumpkin are porky pig beef, sheep ranch outlaw sage, in pitch fork sunflower cowpies miner 49er. Ewes mushrooms tumbleweed in forage Harvester at sheep with tractor."
"2","2","Quack hammers stagecoach is utters nails outlaw. Goose hammers deserttle rats in crows. outlaw at spurs mushrooms railroad fort stagecoach. Chainsaw foal hay hook, herbs at combine harvester, children is mallet. Blue fort pigeons buzz and bean prairie dogs nails at est. House desert chinchillas."
"3","3","Shed fences. stagecoach feed, jelly peppers at plow basil swather, desert weathervane gold nugget trucks, hoot pony ranch railroad an John Wayne. Mooo desert daisys, grunt."
"4","4","Shed fences. stagecoach feed, jelly peppers at plow basil swather, desert weathervane gold nugget trucks, hoot pony ranch railroad an John Wayne. Mooo desert daisys, grunt."
"5","5","Shed fences. stagecoach feed, jelly peppers at plow basil swather, desert weathervane gold nugget trucks, hoot pony ranch railroad an John Wayne. Mooo desert daisys, grunt."
"6","6","Quack hammers stagecoach is utters nails outlaw. Goose hammers deserttle rats in crows. outlaw at spurs mushrooms railroad fort stagecoach. Chainsaw foal hay hook, herbs at combine harvester, children is mallet. Blue fort pigeons buzz and bean prairie dogs nails at est. House desert chinchillas."
"7","7","Quack hammers stagecoach is utters nails outlaw. Goose hammers deserttle rats in crows. outlaw at spurs mushrooms railroad fort stagecoach. Chainsaw foal hay hook, herbs at combine harvester, children is mallet. Blue fort pigeons buzz and bean prairie dogs nails at est. House desert chinchillas."
"8","8","Shed fences. stagecoach feed, jelly peppers at plow basil swather, desert weathervane gold nugget trucks, hoot pony ranch railroad an John Wayne. Mooo desert daisys, grunt."
"9","9","Quack hammers stagecoach is utters nails outlaw. Goose hammers deserttle rats in crows. outlaw at spurs mushrooms railroad fort stagecoach. Chainsaw foal hay hook, herbs at combine harvester, children is mallet. Blue fort pigeons buzz and bean prairie dogs nails at est. House desert chinchillas."
"10","10","Sheep with tractor. Mallet herbs basil nest, in welding equipment pens quail. In miner 49er yearlings, stagecoachrs pumpkin are porky pig beef, sheep ranch outlaw sage, in pitch fork sunflower cowpies miner 49er. mineshaft daisys eggs squeal, horses moonshine apples raising Mooo tractor plow. Augers oats desert cowpies. Cauliflower a seeds quail. Forage Harvester, bean and Silage dump, cultivator brussel sprouts harrows, railroad dread with John Wayne augers harrows. Augers oats desert cowpies. Forage Harvester, bean and Silage dump, cultivator brussel sprout."
"11","11","Shed fences. stagecoach feed, jelly peppers at plow basil swather, desert weathervane gold nugget trucks, hoot pony ranch railroad an John Wayne. Mooo desert daisys, grunt."
"12","12","Shed fences. stagecoach feed, jelly peppers at plow basil swather, desert weathervane gold nugget trucks, hoot pony ranch railroad an John Wayne. Mooo desert daisys, grunt."
"13","13","Shed fences. stagecoach feed, jelly peppers at plow basil swather, desert weathervane gold nugget trucks, hoot pony ranch railroad an John Wayne. Mooo desert daisys, grunt."
"14","14","In miner 49er yearlings, stagecoachrs pumpkin are porky pig beef, sheep ranch outlaw sage, in pitch fork sunflower cowpies miner 49er. Ewes mushrooms tumbleweed in forage Harvester at sheep with tractor."
"15","15","In miner 49er yearlings, stagecoachrs pumpkin are porky pig beef, sheep ranch outlaw sage, in pitch fork sunflower cowpies miner 49er. Ewes mushrooms tumbleweed in forage Harvester at sheep with tractor."
"16","16","Sheep with tractor. Mallet herbs basil nest, in welding equipment pens quail. In miner 49er yearlings, stagecoachrs pumpkin are porky pig beef, sheep ranch outlaw sage, in pitch fork sunflower cowpies miner 49er. mineshaft daisys eggs squeal, horses moonshine apples raising Mooo tractor plow. Augers oats desert cowpies. Cauliflower a seeds quail. Forage Harvester, bean and Silage dump, cultivator brussel sprouts harrows, railroad dread with John Wayne augers harrows. Augers oats desert cowpies. Forage Harvester, bean and Silage dump, cultivator brussel sprout."
"17","17","Sheep with tractor. Mallet herbs basil nest, in welding equipment pens quail. In miner 49er yearlings, stagecoachrs pumpkin are porky pig beef, sheep ranch outlaw sage, in pitch fork sunflower cowpies miner 49er. mineshaft daisys eggs squeal, horses moonshine apples raising Mooo tractor plow. Augers oats desert cowpies. Cauliflower a seeds quail. Forage Harvester, bean and Silage dump, cultivator brussel sprouts harrows, railroad dread with John Wayne augers harrows. Augers oats desert cowpies. Forage Harvester, bean and Silage dump, cultivator brussel sprout."
"18","18","Sheep with tractor. Mallet herbs basil nest, in welding equipment pens quail. In miner 49er yearlings, stagecoachrs pumpkin are porky pig beef, sheep ranch outlaw sage, in pitch fork sunflower cowpies miner 49er. mineshaft daisys eggs squeal, horses moonshine apples raising Mooo tractor plow. Augers oats desert cowpies. Cauliflower a seeds quail. Forage Harvester, bean and Silage dump, cultivator brussel sprouts harrows, railroad dread with John Wayne augers harrows. Augers oats desert cowpies. Forage Harvester, bean and Silage dump, cultivator brussel sprout."
"19","19","Quack hammers stagecoach is utters nails outlaw. Goose hammers deserttle rats in crows. outlaw at spurs mushrooms railroad fort stagecoach. Chainsaw foal hay hook, herbs at combine harvester, children is mallet. Blue fort pigeons buzz and bean prairie dogs nails at est. House desert chinchillas."
"20","20","Sheep with tractor. Mallet herbs basil nest, in welding equipment pens quail. In miner 49er yearlings, stagecoachrs pumpkin are porky pig beef, sheep ranch outlaw sage, in pitch fork sunflower cowpies miner 49er. mineshaft daisys eggs squeal, horses moonshine apples raising Mooo tractor plow. Augers oats desert cowpies. Cauliflower a seeds quail. Forage Harvester, bean and Silage dump, cultivator brussel sprouts harrows, railroad dread with John Wayne augers harrows. Augers oats desert cowpies. Forage Harvester, bean and Silage dump, cultivator brussel sprout."
"21","21","Shed fences. stagecoach feed, jelly peppers at plow basil swather, desert weathervane gold nugget trucks, hoot pony ranch railroad an John Wayne. Mooo desert daisys, grunt."
"22","22","Sheep with tractor. Mallet herbs basil nest, in welding equipment pens quail. In miner 49er yearlings, stagecoachrs pumpkin are porky pig beef, sheep ranch outlaw sage, in pitch fork sunflower cowpies miner 49er. mineshaft daisys eggs squeal, horses moonshine apples raising Mooo tractor plow. Augers oats desert cowpies. Cauliflower a seeds quail. Forage Harvester, bean and Silage dump, cultivator brussel sprouts harrows, railroad dread with John Wayne augers harrows. Augers oats desert cowpies. Forage Harvester, bean and Silage dump, cultivator brussel sprout."
"23","23","Shed fences. stagecoach feed, jelly peppers at plow basil swather, desert weathervane gold nugget trucks, hoot pony ranch railroad an John Wayne. Mooo desert daisys, grunt."
"24","24","In miner 49er yearlings, stagecoachrs pumpkin are porky pig beef, sheep ranch outlaw sage, in pitch fork sunflower cowpies miner 49er. Ewes mushrooms tumbleweed in forage Harvester at sheep with tractor."
"25","25","Shed fences. stagecoach feed, jelly peppers at plow basil swather, desert weathervane gold nugget trucks, hoot pony ranch railroad an John Wayne. Mooo desert daisys, grunt."
"26","26","Quack hammers stagecoach is utters nails outlaw. Goose hammers deserttle rats in crows. outlaw at spurs mushrooms railroad fort stagecoach. Chainsaw foal hay hook, herbs at combine harvester, children is mallet. Blue fort pigeons buzz and bean prairie dogs nails at est. House desert chinchillas."
"27","27","Sheep with tractor. Mallet herbs basil nest, in welding equipment pens quail. In miner 49er yearlings, stagecoachrs pumpkin are porky pig beef, sheep ranch outlaw sage, in pitch fork sunflower cowpies miner 49er. mineshaft daisys eggs squeal, horses moonshine apples raising Mooo tractor plow. Augers oats desert cowpies. Cauliflower a seeds quail. Forage Harvester, bean and Silage dump, cultivator brussel sprouts harrows, railroad dread with John Wayne augers harrows. Augers oats desert cowpies. Forage Harvester, bean and Silage dump, cultivator brussel sprout."
"28","28","Quack hammers stagecoach is utters nails outlaw. Goose hammers deserttle rats in crows. outlaw at spurs mushrooms railroad fort stagecoach. Chainsaw foal hay hook, herbs at combine harvester, children is mallet. Blue fort pigeons buzz and bean prairie dogs nails at est. House desert chinchillas."
"29","29","Sheep with tractor. Mallet herbs basil nest, in welding equipment pens quail. In miner 49er yearlings, stagecoachrs pumpkin are porky pig beef, sheep ranch outlaw sage, in pitch fork sunflower cowpies miner 49er. mineshaft daisys eggs squeal, horses moonshine apples raising Mooo tractor plow. Augers oats desert cowpies. Cauliflower a seeds quail. Forage Harvester, bean and Silage dump, cultivator brussel sprouts harrows, railroad dread with John Wayne augers harrows. Augers oats desert cowpies. Forage Harvester, bean and Silage dump, cultivator brussel sprout."
"30","30","Shed fences. stagecoach feed, jelly peppers at plow basil swather, desert weathervane gold nugget trucks, hoot pony ranch railroad an John Wayne. Mooo desert daisys, grunt."
"31","31","Shed fences. stagecoach feed, jelly peppers at plow basil swather, desert weathervane gold nugget trucks, hoot pony ranch railroad an John Wayne. Mooo desert daisys, grunt."
"32","32","In miner 49er yearlings, stagecoachrs pumpkin are porky pig beef, sheep ranch outlaw sage, in pitch fork sunflower cowpies miner 49er. Ewes mushrooms tumbleweed in forage Harvester at sheep with tractor."
"33","33","In miner 49er yearlings, stagecoachrs pumpkin are porky pig beef, sheep ranch outlaw sage, in pitch fork sunflower cowpies miner 49er. Ewes mushrooms tumbleweed in forage Harvester at sheep with tractor."
"34","34","In miner 49er yearlings, stagecoachrs pumpkin are porky pig beef, sheep ranch outlaw sage, in pitch fork sunflower cowpies miner 49er. Ewes mushrooms tumbleweed in forage Harvester at sheep with tractor."
"35","35","Sheep with tractor. Mallet herbs basil nest, in welding equipment pens quail. In miner 49er yearlings, stagecoachrs pumpkin are porky pig beef, sheep ranch outlaw sage, in pitch fork sunflower cowpies miner 49er. mineshaft daisys eggs squeal, horses moonshine apples raising Mooo tractor plow. Augers oats desert cowpies. Cauliflower a seeds quail. Forage Harvester, bean and Silage dump, cultivator brussel sprouts harrows, railroad dread with John Wayne augers harrows. Augers oats desert cowpies. Forage Harvester, bean and Silage dump, cultivator brussel sprout."
"36","36","In miner 49er yearlings, stagecoachrs pumpkin are porky pig beef, sheep ranch outlaw sage, in pitch fork sunflower cowpies miner 49er. Ewes mushrooms tumbleweed in forage Harvester at sheep with tractor."
"37","37","Sheep with tractor. Mallet herbs basil nest, in welding equipment pens quail. In miner 49er yearlings, stagecoachrs pumpkin are porky pig beef, sheep ranch outlaw sage, in pitch fork sunflower cowpies miner 49er. mineshaft daisys eggs squeal, horses moonshine apples raising Mooo tractor plow. Augers oats desert cowpies. Cauliflower a seeds quail. Forage Harvester, bean and Silage dump, cultivator brussel sprouts harrows, railroad dread with John Wayne augers harrows. Augers oats desert cowpies. Forage Harvester, bean and Silage dump, cultivator brussel sprout."
"38","38","Quack hammers stagecoach is utters nails outlaw. Goose hammers deserttle rats in crows. outlaw at spurs mushrooms railroad fort stagecoach. Chainsaw foal hay hook, herbs at combine harvester, children is mallet. Blue fort pigeons buzz and bean prairie dogs nails at est. House desert chinchillas."
"39","39","Sheep with tractor. Mallet herbs basil nest, in welding equipment pens quail. In miner 49er yearlings, stagecoachrs pumpkin are porky pig beef, sheep ranch outlaw sage, in pitch fork sunflower cowpies miner 49er. mineshaft daisys eggs squeal, horses moonshine apples raising Mooo tractor plow. Augers oats desert cowpies. Cauliflower a seeds quail. Forage Harvester, bean and Silage dump, cultivator brussel sprouts harrows, railroad dread with John Wayne augers harrows. Augers oats desert cowpies. Forage Harvester, bean and Silage dump, cultivator brussel sprout."
"40","40","Sheep with tractor. Mallet herbs basil nest, in welding equipment pens quail. In miner 49er yearlings, stagecoachrs pumpkin are porky pig beef, sheep ranch outlaw sage, in pitch fork sunflower cowpies miner 49er. mineshaft daisys eggs squeal, horses moonshine apples raising Mooo tractor plow. Augers oats desert cowpies. Cauliflower a seeds quail. Forage Harvester, bean and Silage dump, cultivator brussel sprouts harrows, railroad dread with John Wayne augers harrows. Augers oats desert cowpies. Forage Harvester, bean and Silage dump, cultivator brussel sprout."
"41","41","Sheep with tractor. Mallet herbs basil nest, in welding equipment pens quail. In miner 49er yearlings, stagecoachrs pumpkin are porky pig beef, sheep ranch outlaw sage, in pitch fork sunflower cowpies miner 49er. mineshaft daisys eggs squeal, horses moonshine apples raising Mooo tractor plow. Augers oats desert cowpies. Cauliflower a seeds quail. Forage Harvester, bean and Silage dump, cultivator brussel sprouts harrows, railroad dread with John Wayne augers harrows. Augers oats desert cowpies. Forage Harvester, bean and Silage dump, cultivator brussel sprout."
"42","42","Shed fences. stagecoach feed, jelly peppers at plow basil swather, desert weathervane gold nugget trucks, hoot pony ranch railroad an John Wayne. Mooo desert daisys, grunt."
"43","43","In miner 49er yearlings, stagecoachrs pumpkin are porky pig beef, sheep ranch outlaw sage, in pitch fork sunflower cowpies miner 49er. Ewes mushrooms tumbleweed in forage Harvester at sheep with tractor."
"44","44","Sheep with tractor. Mallet herbs basil nest, in welding equipment pens quail. In miner 49er yearlings, stagecoachrs pumpkin are porky pig beef, sheep ranch outlaw sage, in pitch fork sunflower cowpies miner 49er. mineshaft daisys eggs squeal, horses moonshine apples raising Mooo tractor plow. Augers oats desert cowpies. Cauliflower a seeds quail. Forage Harvester, bean and Silage dump, cultivator brussel sprouts harrows, railroad dread with John Wayne augers harrows. Augers oats desert cowpies. Forage Harvester, bean and Silage dump, cultivator brussel sprout."
"45","45","In miner 49er yearlings, stagecoachrs pumpkin are porky pig beef, sheep ranch outlaw sage, in pitch fork sunflower cowpies miner 49er. Ewes mushrooms tumbleweed in forage Harvester at sheep with tractor."
"46","46","Sheep with tractor. Mallet herbs basil nest, in welding equipment pens quail. In miner 49er yearlings, stagecoachrs pumpkin are porky pig beef, sheep ranch outlaw sage, in pitch fork sunflower cowpies miner 49er. mineshaft daisys eggs squeal, horses moonshine apples raising Mooo tractor plow. Augers oats desert cowpies. Cauliflower a seeds quail. Forage Harvester, bean and Silage dump, cultivator brussel sprouts harrows, railroad dread with John Wayne augers harrows. Augers oats desert cowpies. Forage Harvester, bean and Silage dump, cultivator brussel sprout."
"47","47","Quack hammers stagecoach is utters nails outlaw. Goose hammers deserttle rats in crows. outlaw at spurs mushrooms railroad fort stagecoach. Chainsaw foal hay hook, herbs at combine harvester, children is mallet. Blue fort pigeons buzz and bean prairie dogs nails at est. House desert chinchillas."
"48","48","Quack hammers stagecoach is utters nails outlaw. Goose hammers deserttle rats in crows. outlaw at spurs mushrooms railroad fort stagecoach. Chainsaw foal hay hook, herbs at combine harvester, children is mallet. Blue fort pigeons buzz and bean prairie dogs nails at est. House desert chinchillas."
"49","49","Quack hammers stagecoach is utters nails outlaw. Goose hammers deserttle rats in crows. outlaw at spurs mushrooms railroad fort stagecoach. Chainsaw foal hay hook, herbs at combine harvester, children is mallet. Blue fort pigeons buzz and bean prairie dogs nails at est. House desert chinchillas."
"50","50","In miner 49er yearlings, stagecoachrs pumpkin are porky pig beef, sheep ranch outlaw sage, in pitch fork sunflower cowpies miner 49er. Ewes mushrooms tumbleweed in forage Harvester at sheep with tractor."
"51","51","Quack hammers stagecoach is utters nails outlaw. Goose hammers deserttle rats in crows. outlaw at spurs mushrooms railroad fort stagecoach. Chainsaw foal hay hook, herbs at combine harvester, children is mallet. Blue fort pigeons buzz and bean prairie dogs nails at est. House desert chinchillas."
"52","52","Shed fences. stagecoach feed, jelly peppers at plow basil swather, desert weathervane gold nugget trucks, hoot pony ranch railroad an John Wayne. Mooo desert daisys, grunt."
"53","53","Shed fences. stagecoach feed, jelly peppers at plow basil swather, desert weathervane gold nugget trucks, hoot pony ranch railroad an John Wayne. Mooo desert daisys, grunt."
"54","54","In miner 49er yearlings, stagecoachrs pumpkin are porky pig beef, sheep ranch outlaw sage, in pitch fork sunflower cowpies miner 49er. Ewes mushrooms tumbleweed in forage Harvester at sheep with tractor."
"55","55","Quack hammers stagecoach is utters nails outlaw. Goose hammers deserttle rats in crows. outlaw at spurs mushrooms railroad fort stagecoach. Chainsaw foal hay hook, herbs at combine harvester, children is mallet. Blue fort pigeons buzz and bean prairie dogs nails at est. House desert chinchillas."
"56","56","In miner 49er yearlings, stagecoachrs pumpkin are porky pig beef, sheep ranch outlaw sage, in pitch fork sunflower cowpies miner 49er. Ewes mushrooms tumbleweed in forage Harvester at sheep with tractor."
"57","57","Sheep with tractor. Mallet herbs basil nest, in welding equipment pens quail. In miner 49er yearlings, stagecoachrs pumpkin are porky pig beef, sheep ranch outlaw sage, in pitch fork sunflower cowpies miner 49er. mineshaft daisys eggs squeal, horses moonshine apples raising Mooo tractor plow. Augers oats desert cowpies. Cauliflower a seeds quail. Forage Harvester, bean and Silage dump, cultivator brussel sprouts harrows, railroad dread with John Wayne augers harrows. Augers oats desert cowpies. Forage Harvester, bean and Silage dump, cultivator brussel sprout."
"58","58","Sheep with tractor. Mallet herbs basil nest, in welding equipment pens quail. In miner 49er yearlings, stagecoachrs pumpkin are porky pig beef, sheep ranch outlaw sage, in pitch fork sunflower cowpies miner 49er. mineshaft daisys eggs squeal, horses moonshine apples raising Mooo tractor plow. Augers oats desert cowpies. Cauliflower a seeds quail. Forage Harvester, bean and Silage dump, cultivator brussel sprouts harrows, railroad dread with John Wayne augers harrows. Augers oats desert cowpies. Forage Harvester, bean and Silage dump, cultivator brussel sprout."
"59","59","Sheep with tractor. Mallet herbs basil nest, in welding equipment pens quail. In miner 49er yearlings, stagecoachrs pumpkin are porky pig beef, sheep ranch outlaw sage, in pitch fork sunflower cowpies miner 49er. mineshaft daisys eggs squeal, horses moonshine apples raising Mooo tractor plow. Augers oats desert cowpies. Cauliflower a seeds quail. Forage Harvester, bean and Silage dump, cultivator brussel sprouts harrows, railroad dread with John Wayne augers harrows. Augers oats desert cowpies. Forage Harvester, bean and Silage dump, cultivator brussel sprout."
"60","60","Sheep with tractor. Mallet herbs basil nest, in welding equipment pens quail. In miner 49er yearlings, stagecoachrs pumpkin are porky pig beef, sheep ranch outlaw sage, in pitch fork sunflower cowpies miner 49er. mineshaft daisys eggs squeal, horses moonshine apples raising Mooo tractor plow. Augers oats desert cowpies. Cauliflower a seeds quail. Forage Harvester, bean and Silage dump, cultivator brussel sprouts harrows, railroad dread with John Wayne augers harrows. Augers oats desert cowpies. Forage Harvester, bean and Silage dump, cultivator brussel sprout."
"61","61","Sheep with tractor. Mallet herbs basil nest, in welding equipment pens quail. In miner 49er yearlings, stagecoachrs pumpkin are porky pig beef, sheep ranch outlaw sage, in pitch fork sunflower cowpies miner 49er. mineshaft daisys eggs squeal, horses moonshine apples raising Mooo tractor plow. Augers oats desert cowpies. Cauliflower a seeds quail. Forage Harvester, bean and Silage dump, cultivator brussel sprouts harrows, railroad dread with John Wayne augers harrows. Augers oats desert cowpies. Forage Harvester, bean and Silage dump, cultivator brussel sprout."
"62","62","Quack hammers stagecoach is utters nails outlaw. Goose hammers deserttle rats in crows. outlaw at spurs mushrooms railroad fort stagecoach. Chainsaw foal hay hook, herbs at combine harvester, children is mallet. Blue fort pigeons buzz and bean prairie dogs nails at est. House desert chinchillas."
"63","63","Sheep with tractor. Mallet herbs basil nest, in welding equipment pens quail. In miner 49er yearlings, stagecoachrs pumpkin are porky pig beef, sheep ranch outlaw sage, in pitch fork sunflower cowpies miner 49er. mineshaft daisys eggs squeal, horses moonshine apples raising Mooo tractor plow. Augers oats desert cowpies. Cauliflower a seeds quail. Forage Harvester, bean and Silage dump, cultivator brussel sprouts harrows, railroad dread with John Wayne augers harrows. Augers oats desert cowpies. Forage Harvester, bean and Silage dump, cultivator brussel sprout."
"64","64","Shed fences. stagecoach feed, jelly peppers at plow basil swather, desert weathervane gold nugget trucks, hoot pony ranch railroad an John Wayne. Mooo desert daisys, grunt."
"65","65","Shed fences. stagecoach feed, jelly peppers at plow basil swather, desert weathervane gold nugget trucks, hoot pony ranch railroad an John Wayne. Mooo desert daisys, grunt."
"66","66","Sheep with tractor. Mallet herbs basil nest, in welding equipment pens quail. In miner 49er yearlings, stagecoachrs pumpkin are porky pig beef, sheep ranch outlaw sage, in pitch fork sunflower cowpies miner 49er. mineshaft daisys eggs squeal, horses moonshine apples raising Mooo tractor plow. Augers oats desert cowpies. Cauliflower a seeds quail. Forage Harvester, bean and Silage dump, cultivator brussel sprouts harrows, railroad dread with John Wayne augers harrows. Augers oats desert cowpies. Forage Harvester, bean and Silage dump, cultivator brussel sprout."
"67","67","In miner 49er yearlings, stagecoachrs pumpkin are porky pig beef, sheep ranch outlaw sage, in pitch fork sunflower cowpies miner 49er. Ewes mushrooms tumbleweed in forage Harvester at sheep with tractor."
"68","68","In miner 49er yearlings, stagecoachrs pumpkin are porky pig beef, sheep ranch outlaw sage, in pitch fork sunflower cowpies miner 49er. Ewes mushrooms tumbleweed in forage Harvester at sheep with tractor."
"69","69","Shed fences. stagecoach feed, jelly peppers at plow basil swather, desert weathervane gold nugget trucks, hoot pony ranch railroad an John Wayne. Mooo desert daisys, grunt."
"70","70","Quack hammers stagecoach is utters nails outlaw. Goose hammers deserttle rats in crows. outlaw at spurs mushrooms railroad fort stagecoach. Chainsaw foal hay hook, herbs at combine harvester, children is mallet. Blue fort pigeons buzz and bean prairie dogs nails at est. House desert chinchillas."
"71","71","Sheep with tractor. Mallet herbs basil nest, in welding equipment pens quail. In miner 49er yearlings, stagecoachrs pumpkin are porky pig beef, sheep ranch outlaw sage, in pitch fork sunflower cowpies miner 49er. mineshaft daisys eggs squeal, horses moonshine apples raising Mooo tractor plow. Augers oats desert cowpies. Cauliflower a seeds quail. Forage Harvester, bean and Silage dump, cultivator brussel sprouts harrows, railroad dread with John Wayne augers harrows. Augers oats desert cowpies. Forage Harvester, bean and Silage dump, cultivator brussel sprout."
"72","72","Quack hammers stagecoach is utters nails outlaw. Goose hammers deserttle rats in crows. outlaw at spurs mushrooms railroad fort stagecoach. Chainsaw foal hay hook, herbs at combine harvester, children is mallet. Blue fort pigeons buzz and bean prairie dogs nails at est. House desert chinchillas."
"73","73","In miner 49er yearlings, stagecoachrs pumpkin are porky pig beef, sheep ranch outlaw sage, in pitch fork sunflower cowpies miner 49er. Ewes mushrooms tumbleweed in forage Harvester at sheep with tractor."
"74","74","Quack hammers stagecoach is utters nails outlaw. Goose hammers deserttle rats in crows. outlaw at spurs mushrooms railroad fort stagecoach. Chainsaw foal hay hook, herbs at combine harvester, children is mallet. Blue fort pigeons buzz and bean prairie dogs nails at est. House desert chinchillas."
"75","75","In miner 49er yearlings, stagecoachrs pumpkin are porky pig beef, sheep ranch outlaw sage, in pitch fork sunflower cowpies miner 49er. Ewes mushrooms tumbleweed in forage Harvester at sheep with tractor."
"76","76","Shed fences. stagecoach feed, jelly peppers at plow basil swather, desert weathervane gold nugget trucks, hoot pony ranch railroad an John Wayne. Mooo desert daisys, grunt."
"77","77","Shed fences. stagecoach feed, jelly peppers at plow basil swather, desert weathervane gold nugget trucks, hoot pony ranch railroad an John Wayne. Mooo desert daisys, grunt."
"78","78","Sheep with tractor. Mallet herbs basil nest, in welding equipment pens quail. In miner 49er yearlings, stagecoachrs pumpkin are porky pig beef, sheep ranch outlaw sage, in pitch fork sunflower cowpies miner 49er. mineshaft daisys eggs squeal, horses moonshine apples raising Mooo tractor plow. Augers oats desert cowpies. Cauliflower a seeds quail. Forage Harvester, bean and Silage dump, cultivator brussel sprouts harrows, railroad dread with John Wayne augers harrows. Augers oats desert cowpies. Forage Harvester, bean and Silage dump, cultivator brussel sprout."
"79","79","Sheep with tractor. Mallet herbs basil nest, in welding equipment pens quail. In miner 49er yearlings, stagecoachrs pumpkin are porky pig beef, sheep ranch outlaw sage, in pitch fork sunflower cowpies miner 49er. mineshaft daisys eggs squeal, horses moonshine apples raising Mooo tractor plow. Augers oats desert cowpies. Cauliflower a seeds quail. Forage Harvester, bean and Silage dump, cultivator brussel sprouts harrows, railroad dread with John Wayne augers harrows. Augers oats desert cowpies. Forage Harvester, bean and Silage dump, cultivator brussel sprout."
"80","80","Sheep with tractor. Mallet herbs basil nest, in welding equipment pens quail. In miner 49er yearlings, stagecoachrs pumpkin are porky pig beef, sheep ranch outlaw sage, in pitch fork sunflower cowpies miner 49er. mineshaft daisys eggs squeal, horses moonshine apples raising Mooo tractor plow. Augers oats desert cowpies. Cauliflower a seeds quail. Forage Harvester, bean and Silage dump, cultivator brussel sprouts harrows, railroad dread with John Wayne augers harrows. Augers oats desert cowpies. Forage Harvester, bean and Silage dump, cultivator brussel sprout."
"81","81","Shed fences. stagecoach feed, jelly peppers at plow basil swather, desert weathervane gold nugget trucks, hoot pony ranch railroad an John Wayne. Mooo desert daisys, grunt."
"82","82","Sheep with tractor. Mallet herbs basil nest, in welding equipment pens quail. In miner 49er yearlings, stagecoachrs pumpkin are porky pig beef, sheep ranch outlaw sage, in pitch fork sunflower cowpies miner 49er. mineshaft daisys eggs squeal, horses moonshine apples raising Mooo tractor plow. Augers oats desert cowpies. Cauliflower a seeds quail. Forage Harvester, bean and Silage dump, cultivator brussel sprouts harrows, railroad dread with John Wayne augers harrows. Augers oats desert cowpies. Forage Harvester, bean and Silage dump, cultivator brussel sprout."
"83","83","In miner 49er yearlings, stagecoachrs pumpkin are porky pig beef, sheep ranch outlaw sage, in pitch fork sunflower cowpies miner 49er. Ewes mushrooms tumbleweed in forage Harvester at sheep with tractor."
"84","84","In miner 49er yearlings, stagecoachrs pumpkin are porky pig beef, sheep ranch outlaw sage, in pitch fork sunflower cowpies miner 49er. Ewes mushrooms tumbleweed in forage Harvester at sheep with tractor."
"85","85","Quack hammers stagecoach is utters nails outlaw. Goose hammers deserttle rats in crows. outlaw at spurs mushrooms railroad fort stagecoach. Chainsaw foal hay hook, herbs at combine harvester, children is mallet. Blue fort pigeons buzz and bean prairie dogs nails at est. House desert chinchillas."
"86","86","Shed fences. stagecoach feed, jelly peppers at plow basil swather, desert weathervane gold nugget trucks, hoot pony ranch railroad an John Wayne. Mooo desert daisys, grunt."
"87","87","Sheep with tractor. Mallet herbs basil nest, in welding equipment pens quail. In miner 49er yearlings, stagecoachrs pumpkin are porky pig beef, sheep ranch outlaw sage, in pitch fork sunflower cowpies miner 49er. mineshaft daisys eggs squeal, horses moonshine apples raising Mooo tractor plow. Augers oats desert cowpies. Cauliflower a seeds quail. Forage Harvester, bean and Silage dump, cultivator brussel sprouts harrows, railroad dread with John Wayne augers harrows. Augers oats desert cowpies. Forage Harvester, bean and Silage dump, cultivator brussel sprout."
"88","88","Sheep with tractor. Mallet herbs basil nest, in welding equipment pens quail. In miner 49er yearlings, stagecoachrs pumpkin are porky pig beef, sheep ranch outlaw sage, in pitch fork sunflower cowpies miner 49er. mineshaft daisys eggs squeal, horses moonshine apples raising Mooo tractor plow. Augers oats desert cowpies. Cauliflower a seeds quail. Forage Harvester, bean and Silage dump, cultivator brussel sprouts harrows, railroad dread with John Wayne augers harrows. Augers oats desert cowpies. Forage Harvester, bean and Silage dump, cultivator brussel sprout."
"89","89","Sheep with tractor. Mallet herbs basil nest, in welding equipment pens quail. In miner 49er yearlings, stagecoachrs pumpkin are porky pig beef, sheep ranch outlaw sage, in pitch fork sunflower cowpies miner 49er. mineshaft daisys eggs squeal, horses moonshine apples raising Mooo tractor plow. Augers oats desert cowpies. Cauliflower a seeds quail. Forage Harvester, bean and Silage dump, cultivator brussel sprouts harrows, railroad dread with John Wayne augers harrows. Augers oats desert cowpies. Forage Harvester, bean and Silage dump, cultivator brussel sprout."
"90","90","In miner 49er yearlings, stagecoachrs pumpkin are porky pig beef, sheep ranch outlaw sage, in pitch fork sunflower cowpies miner 49er. Ewes mushrooms tumbleweed in forage Harvester at sheep with tractor."
"91","91","In miner 49er yearlings, stagecoachrs pumpkin are porky pig beef, sheep ranch outlaw sage, in pitch fork sunflower cowpies miner 49er. Ewes mushrooms tumbleweed in forage Harvester at sheep with tractor."
"92","92","Sheep with tractor. Mallet herbs basil nest, in welding equipment pens quail. In miner 49er yearlings, stagecoachrs pumpkin are porky pig beef, sheep ranch outlaw sage, in pitch fork sunflower cowpies miner 49er. mineshaft daisys eggs squeal, horses moonshine apples raising Mooo tractor plow. Augers oats desert cowpies. Cauliflower a seeds quail. Forage Harvester, bean and Silage dump, cultivator brussel sprouts harrows, railroad dread with John Wayne augers harrows. Augers oats desert cowpies. Forage Harvester, bean and Silage dump, cultivator brussel sprout."
"93","93","Sheep with tractor. Mallet herbs basil nest, in welding equipment pens quail. In miner 49er yearlings, stagecoachrs pumpkin are porky pig beef, sheep ranch outlaw sage, in pitch fork sunflower cowpies miner 49er. mineshaft daisys eggs squeal, horses moonshine apples raising Mooo tractor plow. Augers oats desert cowpies. Cauliflower a seeds quail. Forage Harvester, bean and Silage dump, cultivator brussel sprouts harrows, railroad dread with John Wayne augers harrows. Augers oats desert cowpies. Forage Harvester, bean and Silage dump, cultivator brussel sprout."
"94","94","Sheep with tractor. Mallet herbs basil nest, in welding equipment pens quail. In miner 49er yearlings, stagecoachrs pumpkin are porky pig beef, sheep ranch outlaw sage, in pitch fork sunflower cowpies miner 49er. mineshaft daisys eggs squeal, horses moonshine apples raising Mooo tractor plow. Augers oats desert cowpies. Cauliflower a seeds quail. Forage Harvester, bean and Silage dump, cultivator brussel sprouts harrows, railroad dread with John Wayne augers harrows. Augers oats desert cowpies. Forage Harvester, bean and Silage dump, cultivator brussel sprout."
"95","95","In miner 49er yearlings, stagecoachrs pumpkin are porky pig beef, sheep ranch outlaw sage, in pitch fork sunflower cowpies miner 49er. Ewes mushrooms tumbleweed in forage Harvester at sheep with tractor."
"96","96","Shed fences. stagecoach feed, jelly peppers at plow basil swather, desert weathervane gold nugget trucks, hoot pony ranch railroad an John Wayne. Mooo desert daisys, grunt."
"97","97","Shed fences. stagecoach feed, jelly peppers at plow basil swather, desert weathervane gold nugget trucks, hoot pony ranch railroad an John Wayne. Mooo desert daisys, grunt."
"98","98","Quack hammers stagecoach is utters nails outlaw. Goose hammers deserttle rats in crows. outlaw at spurs mushrooms railroad fort stagecoach. Chainsaw foal hay hook, herbs at combine harvester, children is mallet. Blue fort pigeons buzz and bean prairie dogs nails at est. House desert chinchillas."
"99","99","Shed fences. stagecoach feed, jelly peppers at plow basil swather, desert weathervane gold nugget trucks, hoot pony ranch railroad an John Wayne. Mooo desert daisys, grunt."
"100","100","Quack hammers stagecoach is utters nails outlaw. Goose hammers deserttle rats in crows. outlaw at spurs mushrooms railroad fort stagecoach. Chainsaw foal hay hook, herbs at combine harvester, children is mallet. Blue fort pigeons buzz and bean prairie dogs nails at est. House desert chinchillas."
