ID,ProductId,ItemName
"1","1","Lamb in stagecoach baler with rain barrels and manure hay rake"
"2","1","Drowning helpless sheep at cowboy market"
"3","1","Potato donkey mouse"
"4","1","outlaw at spurs mushrooms railroad fort stagecoach"
"5","2","Pick up truck livestock, pets and storage shed"
"6","2","Goat goose desert horse"
"7","2","Pitch fork sunflower cowpie miner 49er"
"8","2","Lamb pig rooster sheep"
"9","3","Drowning helpless sheep at cowboy market"
"10","3","Pitch fork sunflower cowpie miner 49er"
"11","3","Pick up truck livestock, pets and storage shed"
"12","4","Quack hammers stagecoach in utters nails outlaw"
"13","4","Maple syrup worms"
"14","4","Goat goose desert horse"
"15","4","Potato donkey mouse"
"16","5","Quack hammers stagecoach in utters nails outlaw"
"17","5","Maple syrup worms"
"18","5","Lamb pig rooster sheep"
"19","5","Quack hammers stagecoach in utters nails outlaw"
"20","6","Drowning helpless sheep at cowboy market"
"21","7","Maple syrup worms"
"22","7","Maple syrup worms"
"23","7","Potato donkey mouse"
"24","7","Goat goose desert horse"
"25","8","John Deere bees"
"26","8","Pick up truck livestock, pets and storage shed"
"27","8","Lamb pig rooster sheep"
"28","8","Lamb in stagecoach baler with rain barrels and manure hay rake"
"29","9","outlaw at spurs mushrooms railroad fort stagecoach"
"30","9","Quack hammers stagecoach in utters nails outlaw"
"31","10","Lamb in stagecoach baler with rain barrels and manure hay rake"
"32","10","Quack hammers stagecoach in utters nails outlaw"
"33","10","outlaw at spurs mushrooms railroad fort stagecoach"
"34","11","Quack hammers stagecoach in utters nails outlaw"
"35","11","outlaw at spurs mushrooms railroad fort stagecoach"
"36","12","Lamb pig rooster sheep"
"37","12","John Deere bees"
"38","12","Potato donkey mouse"
"39","13","Goat goose desert horse"
"40","13","Lamb pig rooster sheep"
"41","13","Drowning helpless sheep at cowboy market"
"42","13","Goat goose desert horse"
"43","14","Lamb in stagecoach baler with rain barrels and manure hay rake"
"44","14","Drowning helpless sheep at cowboy market"
"45","14","Goat goose desert horse"
"46","14","Drowning helpless sheep at cowboy market"
"47","15","Pitch fork sunflower cowpie miner 49er"
"48","15","Pick up truck livestock, pets and storage shed"
"49","16","Potato donkey mouse"
"50","16","Drowning helpless sheep at cowboy market"
"51","16","Pick up truck livestock, pets and storage shed"
"52","17","Lamb pig rooster sheep"
"53","17","Drowning helpless sheep at cowboy market"
"54","17","Potato donkey mouse"
"55","17","John Deere bees"
"56","18","Maple syrup worms"
"57","18","Lamb in stagecoach baler with rain barrels and manure hay rake"
"58","18","Drowning helpless sheep at cowboy market"
"59","19","Pitch fork sunflower cowpie miner 49er"
"60","19","Potato donkey mouse"
"61","19","Pitch fork sunflower cowpie miner 49er"
"62","19","John Deere bees"
"63","20","Potato donkey mouse"
"64","20","Pitch fork sunflower cowpie miner 49er"
"65","20","Pitch fork sunflower cowpie miner 49er"
"66","21","Lamb pig rooster sheep"
"67","21","Quack hammers stagecoach in utters nails outlaw"
"68","21","Pick up truck livestock, pets and storage shed"
"69","22","Lamb in stagecoach baler with rain barrels and manure hay rake"
"70","22","Maple syrup worms"
"71","22","John Deere bees"
"72","22","Goat goose desert horse"
"73","23","Pick up truck livestock, pets and storage shed"
"74","23","Lamb pig rooster sheep"
"75","23","outlaw at spurs mushrooms railroad fort stagecoach"
"76","23","Quack hammers stagecoach in utters nails outlaw"
"77","24","Drowning helpless sheep at cowboy market"
"78","25","Pitch fork sunflower cowpie miner 49er"
"79","26","John Deere bees"
"80","26","Pick up truck livestock, pets and storage shed"
"81","26","Pitch fork sunflower cowpie miner 49er"
"82","26","Pitch fork sunflower cowpie miner 49er"
"83","27","Pick up truck livestock, pets and storage shed"
"84","27","Lamb pig rooster sheep"
"85","28","Pick up truck livestock, pets and storage shed"
"86","28","Pitch fork sunflower cowpie miner 49er"
"87","28","Pitch fork sunflower cowpie miner 49er"
"88","29","John Deere bees"
"89","30","Pick up truck livestock, pets and storage shed"
"90","30","Drowning helpless sheep at cowboy market"
"91","31","Lamb pig rooster sheep"
"92","31","Drowning helpless sheep at cowboy market"
"93","31","John Deere bees"
"94","32","Quack hammers stagecoach in utters nails outlaw"
"95","33","Pitch fork sunflower cowpie miner 49er"
"96","34","Drowning helpless sheep at cowboy market"
"97","34","Lamb in stagecoach baler with rain barrels and manure hay rake"
"98","34","Lamb in stagecoach baler with rain barrels and manure hay rake"
"99","34","Potato donkey mouse"
"100","35","Pitch fork sunflower cowpie miner 49er"
"101","35","John Deere bees"
"102","36","outlaw at spurs mushrooms railroad fort stagecoach"
"103","36","Lamb in stagecoach baler with rain barrels and manure hay rake"
"104","37","Lamb in stagecoach baler with rain barrels and manure hay rake"
"105","38","John Deere bees"
"106","38","Quack hammers stagecoach in utters nails outlaw"
"107","39","Drowning helpless sheep at cowboy market"
"108","39","outlaw at spurs mushrooms railroad fort stagecoach"
"109","39","Lamb in stagecoach baler with rain barrels and manure hay rake"
"110","40","Lamb in stagecoach baler with rain barrels and manure hay rake"
"111","41","Potato donkey mouse"
"112","41","Lamb in stagecoach baler with rain barrels and manure hay rake"
"113","41","Pick up truck livestock, pets and storage shed"
"114","41","Drowning helpless sheep at cowboy market"
"115","42","Pick up truck livestock, pets and storage shed"
"116","42","Lamb in stagecoach baler with rain barrels and manure hay rake"
"117","42","outlaw at spurs mushrooms railroad fort stagecoach"
"118","43","Lamb in stagecoach baler with rain barrels and manure hay rake"
"119","43","Lamb pig rooster sheep"
"120","43","Drowning helpless sheep at cowboy market"
"121","44","Lamb in stagecoach baler with rain barrels and manure hay rake"
"122","45","outlaw at spurs mushrooms railroad fort stagecoach"
"123","45","outlaw at spurs mushrooms railroad fort stagecoach"
"124","45","Goat goose desert horse"
"125","46","Maple syrup worms"
"126","46","Drowning helpless sheep at cowboy market"
"127","47","Potato donkey mouse"
"128","47","John Deere bees"
"129","47","Maple syrup worms"
"130","47","Goat goose desert horse"
"131","48","Pitch fork sunflower cowpie miner 49er"
"132","48","Potato donkey mouse"
"133","48","Quack hammers stagecoach in utters nails outlaw"
"134","49","outlaw at spurs mushrooms railroad fort stagecoach"
"135","49","John Deere bees"
"136","50","Quack hammers stagecoach in utters nails outlaw"
"137","50","Lamb in stagecoach baler with rain barrels and manure hay rake"
"138","51","Potato donkey mouse"
"139","51","John Deere bees"
"140","51","Lamb pig rooster sheep"
"141","52","Potato donkey mouse"
"142","52","Lamb pig rooster sheep"
"143","52","Potato donkey mouse"
"144","53","John Deere bees"
"145","54","Goat goose desert horse"
"146","54","Lamb in stagecoach baler with rain barrels and manure hay rake"
"147","54","Drowning helpless sheep at cowboy market"
"148","54","John Deere bees"
"149","55","Pitch fork sunflower cowpie miner 49er"
"150","55","Potato donkey mouse"
"151","55","Drowning helpless sheep at cowboy market"
"152","56","Pitch fork sunflower cowpie miner 49er"
"153","56","Pitch fork sunflower cowpie miner 49er"
"154","56","Maple syrup worms"
"155","57","Maple syrup worms"
"156","58","Lamb in stagecoach baler with rain barrels and manure hay rake"
"157","58","John Deere bees"
"158","59","Pick up truck livestock, pets and storage shed"
"159","59","Maple syrup worms"
"160","59","Pick up truck livestock, pets and storage shed"
"161","59","Potato donkey mouse"
"162","60","Lamb pig rooster sheep"
"163","61","outlaw at spurs mushrooms railroad fort stagecoach"
"164","61","Pitch fork sunflower cowpie miner 49er"
"165","61","John Deere bees"
"166","61","Pick up truck livestock, pets and storage shed"
"167","62","Lamb in stagecoach baler with rain barrels and manure hay rake"
"168","63","Maple syrup worms"
"169","63","Goat goose desert horse"
"170","63","Pitch fork sunflower cowpie miner 49er"
"171","64","Potato donkey mouse"
"172","64","Maple syrup worms"
"173","64","Maple syrup worms"
"174","65","outlaw at spurs mushrooms railroad fort stagecoach"
"175","65","Lamb in stagecoach baler with rain barrels and manure hay rake"
"176","65","Quack hammers stagecoach in utters nails outlaw"
"177","65","Goat goose desert horse"
"178","66","Pick up truck livestock, pets and storage shed"
"179","67","Drowning helpless sheep at cowboy market"
"180","67","Lamb in stagecoach baler with rain barrels and manure hay rake"
"181","67","outlaw at spurs mushrooms railroad fort stagecoach"
"182","67","Lamb in stagecoach baler with rain barrels and manure hay rake"
"183","68","John Deere bees"
"184","68","Lamb pig rooster sheep"
"185","69","Quack hammers stagecoach in utters nails outlaw"
"186","69","Lamb pig rooster sheep"
"187","69","Potato donkey mouse"
"188","69","Potato donkey mouse"
"189","70","John Deere bees"
"190","70","Lamb pig rooster sheep"
"191","70","John Deere bees"
"192","71","Lamb in stagecoach baler with rain barrels and manure hay rake"
"193","71","Lamb pig rooster sheep"
"194","72","Quack hammers stagecoach in utters nails outlaw"
"195","72","Pick up truck livestock, pets and storage shed"
"196","72","Goat goose desert horse"
"197","73","Pick up truck livestock, pets and storage shed"
"198","73","Maple syrup worms"
"199","74","Quack hammers stagecoach in utters nails outlaw"
"200","75","Pick up truck livestock, pets and storage shed"
"201","75","Potato donkey mouse"
"202","76","John Deere bees"
"203","76","Drowning helpless sheep at cowboy market"
"204","77","Pitch fork sunflower cowpie miner 49er"
"205","77","Pick up truck livestock, pets and storage shed"
"206","78","Potato donkey mouse"
"207","78","Quack hammers stagecoach in utters nails outlaw"
"208","78","outlaw at spurs mushrooms railroad fort stagecoach"
"209","79","Drowning helpless sheep at cowboy market"
"210","79","Maple syrup worms"
"211","80","Maple syrup worms"
"212","80","John Deere bees"
"213","81","outlaw at spurs mushrooms railroad fort stagecoach"
"214","82","Pitch fork sunflower cowpie miner 49er"
"215","82","Maple syrup worms"
"216","83","Pitch fork sunflower cowpie miner 49er"
"217","83","outlaw at spurs mushrooms railroad fort stagecoach"
"218","83","Goat goose desert horse"
"219","84","Lamb pig rooster sheep"
"220","84","Maple syrup worms"
"221","84","Pitch fork sunflower cowpie miner 49er"
"222","84","Pick up truck livestock, pets and storage shed"
"223","85","outlaw at spurs mushrooms railroad fort stagecoach"
"224","85","outlaw at spurs mushrooms railroad fort stagecoach"
"225","85","Pitch fork sunflower cowpie miner 49er"
"226","86","outlaw at spurs mushrooms railroad fort stagecoach"
"227","86","John Deere bees"
"228","87","Potato donkey mouse"
"229","87","outlaw at spurs mushrooms railroad fort stagecoach"
"230","88","Pitch fork sunflower cowpie miner 49er"
"231","88","Drowning helpless sheep at cowboy market"
"232","88","Potato donkey mouse"
"233","89","Lamb in stagecoach baler with rain barrels and manure hay rake"
"234","89","Quack hammers stagecoach in utters nails outlaw"
"235","89","Drowning helpless sheep at cowboy market"
"236","90","Goat goose desert horse"
"237","90","Drowning helpless sheep at cowboy market"
"238","90","Lamb pig rooster sheep"
"239","91","Quack hammers stagecoach in utters nails outlaw"
"240","91","Potato donkey mouse"
"241","92","Drowning helpless sheep at cowboy market"
"242","92","Potato donkey mouse"
"243","93","Goat goose desert horse"
"244","93","Potato donkey mouse"
"245","93","Drowning helpless sheep at cowboy market"
"246","94","outlaw at spurs mushrooms railroad fort stagecoach"
"247","94","John Deere bees"
"248","94","Potato donkey mouse"
"249","94","Goat goose desert horse"
"250","95","Drowning helpless sheep at cowboy market"
"251","95","outlaw at spurs mushrooms railroad fort stagecoach"
"252","96","outlaw at spurs mushrooms railroad fort stagecoach"
"253","97","outlaw at spurs mushrooms railroad fort stagecoach"
"254","97","outlaw at spurs mushrooms railroad fort stagecoach"
"255","98","Pitch fork sunflower cowpie miner 49er"
"256","98","Maple syrup worms"
"257","98","outlaw at spurs mushrooms railroad fort stagecoach"
"258","99","Pick up truck livestock, pets and storage shed"
"259","100","Lamb in stagecoach baler with rain barrels and manure hay rake"
